<?xml version="1.0" encoding="UTF-8"?>
<!DOCTYPE mapper
        PUBLIC "-//mybatis.org//DTD Mapper 3.0//EN"
        "http://mybatis.org/dtd/mybatis-3-mapper.dtd">
<mapper namespace="com.cdut.epidemicsystem.mapper.OutRequestMapper">

    <resultMap id="BaseResultMap" type="com.cdut.epidemicsystem.pojo.OutRequest">
            <id property="requestId" column="request_id" jdbcType="INTEGER"/>
            <result property="userId" column="user_id" jdbcType="INTEGER"/>
            <result property="idNum" column="id_num" jdbcType="VARCHAR"/>
            <result property="temprature" column="temprature" jdbcType="DOUBLE"/>
            <result property="mask" column="mask" jdbcType="TINYINT"/>
            <result property="track" column="track" jdbcType="TINYINT"/>
            <result property="healthStatus" column="health_status" jdbcType="INTEGER"/>
            <result property="summary" column="summary" jdbcType="VARCHAR"/>
            <result property="home" column="home" jdbcType="VARCHAR"/>
            <result property="name" column="name" jdbcType="VARCHAR"/>
            <result property="mobile" column="mobile" jdbcType="VARCHAR"/>
            <result property="time" column="time" jdbcType="TIMESTAMP"/>
    </resultMap>

    <sql id="Base_Column_List">
        request_id,user_id,id_num,
        temprature,mask,track,
        health_status,summary,home,
        name,mobile,time
    </sql>
</mapper>
