<?xml version="1.0" encoding="UTF-8"?>
<!DOCTYPE mapper
        PUBLIC "-//mybatis.org//DTD Mapper 3.0//EN"
        "http://mybatis.org/dtd/mybatis-3-mapper.dtd">
<mapper namespace="com.cdut.epidemicsystem.mapper.VistorMapper">

    <resultMap id="BaseResultMap" type="com.cdut.epidemicsystem.pojo.Vistor">
            <id property="requestId" column="request_id" jdbcType="INTEGER"/>
            <result property="userId" column="user_id" jdbcType="INTEGER"/>
            <result property="temprature" column="temprature" jdbcType="DOUBLE"/>
            <result property="mask" column="mask" jdbcType="TINYINT"/>
            <result property="dangerZone" column="danger_zone" jdbcType="TINYINT"/>
            <result property="healthStatus" column="health_status" jdbcType="INTEGER"/>
            <result property="reason" column="reason" jdbcType="VARCHAR"/>
            <result property="source" column="source" jdbcType="VARCHAR"/>
            <result property="summary" column="summary" jdbcType="VARCHAR"/>
            <result property="time" column="time" jdbcType="TIMESTAMP"/>
            <result property="name" column="name" jdbcType="TIMESTAMP"/>
            <result property="gender" column="gender" jdbcType="TIMESTAMP"/>
            <result property="mobile" column="mobile" jdbcType="TIMESTAMP"/>
            <result property="idNum" column="id_num" jdbcType="TIMESTAMP"/>
            <result property="home" column="home" jdbcType="TIMESTAMP"/>
    </resultMap>

    <sql id="Base_Column_List">
        request_id,user_id,name,gender,mobile,id_num,home,temprature,
        mask,danger_zone,health_status,
        reason,source,summary,
        time
    </sql>
</mapper>
