<?xml version="1.0" encoding="UTF-8"?>
<beans xmlns="http://www.springframework.org/schema/beans"
       xmlns:xsi="http://www.w3.org/2001/XMLSchema-instance"
       xmlns:context="http://www.springframework.org/schema/context"
       xsi:schemaLocation="http://www.springframework.org/schema/beans http://www.springframework.org/schema/beans/spring-beans.xsd http://www.springframework.org/schema/context https://www.springframework.org/schema/context/spring-context.xsd">

<!--    user类的创建    -->
    <bean id="User" class="com.cdut.springstart.pojo.User">

    </bean>
    <!--设置包扫描 防止-->
<!--    jdbc:mysql://localhost:3306/learn?useSSL=false&amp;useUnicode=true&amp;characterEncoding=utf-8-->
    <context:component-scan base-package="com.cdut.springstart"></context:component-scan>

    <bean id="dataSource" class="com.alibaba.druid.pool.DruidDataSource" destroy-method="close">
        <property name="url" value="jdbc:mysql://localhost:3306/learn?useSSL=false"></property>
        <property name="username" value="root"/>
        <property name="password" value="123456"/>
        <property name="driverClassName" value="com.mysql.jdbc.Driver"/>
    </bean>
    <bean id="jdbcTemplate" class="org.springframework.jdbc.core.JdbcTemplate">
        <property name="dataSource" ref="dataSource"/>
    </bean>
</beans>